{
    "loss": [
        0.6063982844352722,
        0.5196064710617065,
        0.486471951007843,
        0.4739389419555664,
        0.4676222801208496,
        0.45760273933410645,
        0.4480343461036682,
        0.4442005455493927,
        0.44155094027519226,
        0.4416322112083435,
        0.4413737952709198,
        0.4314712882041931,
        0.44844135642051697,
        0.43459898233413696,
        0.4311636686325073,
        0.4277293384075165,
        0.43802452087402344,
        0.43356525897979736,
        0.42703911662101746,
        0.4279485046863556,
        0.42665284872055054,
        0.42980754375457764,
        0.42262881994247437,
        0.42172813415527344,
        0.42303282022476196,
        0.42525410652160645,
        0.42435696721076965,
        0.4312267303466797,
        0.42158275842666626,
        0.41827520728111267,
        0.4195635914802551,
        0.4148244261741638
    ],
    "accuracy": [
        0.6496240496635437,
        0.7744361162185669,
        0.7789473533630371,
        0.7849624156951904,
        0.7939849495887756,
        0.7939849495887756,
        0.7924811840057373,
        0.7939849495887756,
        0.7879699468612671,
        0.8030075430870056,
        0.8120300769805908,
        0.8045112490653992,
        0.7939849495887756,
        0.8015037775039673,
        0.8135338425636292,
        0.8150376081466675,
        0.8075187802314758,
        0.8120300769805908,
        0.8090225458145142,
        0.8090225458145142,
        0.821052610874176,
        0.8150376081466675,
        0.8105263113975525,
        0.8165413737297058,
        0.8165413737297058,
        0.8120300769805908,
        0.8240601420402527,
        0.8045112490653992,
        0.8195488452911377,
        0.8195488452911377,
        0.8180451393127441,
        0.8180451393127441
    ],
    "val_loss": [
        0.5302364230155945,
        0.44977807998657227,
        0.42927220463752747,
        0.4164592921733856,
        0.4137133061885834,
        0.405878484249115,
        0.38676002621650696,
        0.3852686882019043,
        0.37936902046203613,
        0.38112300634384155,
        0.3878224790096283,
        0.3820304274559021,
        0.3784545063972473,
        0.365561842918396,
        0.37277257442474365,
        0.36075353622436523,
        0.37121888995170593,
        0.363203227519989,
        0.356845885515213,
        0.3566403090953827,
        0.3623143136501312,
        0.3539537191390991,
        0.35160812735557556,
        0.3502318561077118,
        0.34877637028694153,
        0.3505452573299408,
        0.35420405864715576,
        0.35074570775032043,
        0.3448268175125122,
        0.341268926858902,
        0.34226471185684204,
        0.33940938115119934
    ],
    "val_accuracy": [
        0.7432432174682617,
        0.837837815284729,
        0.837837815284729,
        0.837837815284729,
        0.8333333134651184,
        0.8243243098258972,
        0.837837815284729,
        0.8423423171043396,
        0.837837815284729,
        0.8333333134651184,
        0.8018018007278442,
        0.837837815284729,
        0.8063063025474548,
        0.8288288116455078,
        0.837837815284729,
        0.837837815284729,
        0.815315306186676,
        0.8513513803482056,
        0.8468468189239502,
        0.8423423171043396,
        0.8603603839874268,
        0.8423423171043396,
        0.8558558821678162,
        0.8468468189239502,
        0.8468468189239502,
        0.8468468189239502,
        0.8243243098258972,
        0.8648648858070374,
        0.8468468189239502,
        0.8738738894462585,
        0.8423423171043396,
        0.869369387626648
    ]
}