{
    "loss": [
        0.6014261245727539,
        0.5161489248275757,
        0.4852862060070038,
        0.47547006607055664,
        0.4627545475959778,
        0.4502516984939575,
        0.45926472544670105,
        0.4575450122356415,
        0.44879448413848877,
        0.43426692485809326,
        0.43651917576789856,
        0.4330390989780426,
        0.42056095600128174,
        0.42810654640197754,
        0.42586949467658997,
        0.426082581281662,
        0.423891544342041,
        0.429450660943985,
        0.4195729196071625,
        0.4099138081073761,
        0.41256460547447205,
        0.4037313461303711,
        0.4091070890426636,
        0.39756616950035095,
        0.40323615074157715,
        0.4006001651287079,
        0.40339624881744385,
        0.40362223982810974,
        0.3968617022037506,
        0.4131215512752533,
        0.3963124752044678,
        0.3988628089427948
    ],
    "accuracy": [
        0.6526315808296204,
        0.7639097571372986,
        0.790977418422699,
        0.7819548845291138,
        0.7879699468612671,
        0.7984962463378906,
        0.7864661812782288,
        0.7864661812782288,
        0.8090225458145142,
        0.8045112490653992,
        0.8075187802314758,
        0.8180451393127441,
        0.8090225458145142,
        0.8105263113975525,
        0.825563907623291,
        0.8165413737297058,
        0.8315789699554443,
        0.8165413737297058,
        0.8330827355384827,
        0.8285714387893677,
        0.8285714387893677,
        0.8345864415168762,
        0.8270676732063293,
        0.8360902070999146,
        0.8360902070999146,
        0.8315789699554443,
        0.8330827355384827,
        0.8270676732063293,
        0.8360902070999146,
        0.8225563764572144,
        0.8315789699554443,
        0.8330827355384827
    ],
    "val_loss": [
        0.5280197858810425,
        0.5097187161445618,
        0.4753797650337219,
        0.4642566442489624,
        0.44587600231170654,
        0.4402235150337219,
        0.43810582160949707,
        0.43162140250205994,
        0.4325931966304779,
        0.4280052185058594,
        0.4280984103679657,
        0.4251047670841217,
        0.42414116859436035,
        0.4247525930404663,
        0.42172014713287354,
        0.4276563227176666,
        0.4216949939727783,
        0.4220944941043854,
        0.41730546951293945,
        0.42374980449676514,
        0.41866207122802734,
        0.4192783236503601,
        0.41602498292922974,
        0.4161422550678253,
        0.4175298511981964,
        0.4177391529083252,
        0.41365405917167664,
        0.41561123728752136,
        0.41229990124702454,
        0.4168633818626404,
        0.4156835079193115,
        0.4165184795856476
    ],
    "val_accuracy": [
        0.7522522807121277,
        0.7837837934494019,
        0.7882882952690125,
        0.7882882952690125,
        0.8108108043670654,
        0.8108108043670654,
        0.8018018007278442,
        0.815315306186676,
        0.8063063025474548,
        0.8108108043670654,
        0.8063063025474548,
        0.8198198080062866,
        0.8063063025474548,
        0.8063063025474548,
        0.8198198080062866,
        0.8198198080062866,
        0.815315306186676,
        0.8288288116455078,
        0.815315306186676,
        0.8243243098258972,
        0.8243243098258972,
        0.8243243098258972,
        0.8063063025474548,
        0.8288288116455078,
        0.8333333134651184,
        0.8198198080062866,
        0.8243243098258972,
        0.8333333134651184,
        0.8198198080062866,
        0.8333333134651184,
        0.815315306186676,
        0.8288288116455078
    ]
}