{
    "loss": [
        0.592665433883667,
        0.508669912815094,
        0.4810429513454437,
        0.4552789032459259,
        0.44779640436172485,
        0.4372630715370178,
        0.42717722058296204,
        0.4305071234703064,
        0.43134087324142456,
        0.42907971143722534,
        0.4280352294445038,
        0.4152071177959442,
        0.4119405746459961,
        0.4125136733055115,
        0.42440065741539,
        0.40685296058654785,
        0.4021475613117218,
        0.4096162021160126,
        0.4021030068397522,
        0.40179944038391113,
        0.4025334119796753,
        0.39564746618270874,
        0.3940250277519226,
        0.39031141996383667,
        0.38646039366722107,
        0.3897549510002136,
        0.39048177003860474,
        0.38716188073158264,
        0.39471080899238586,
        0.38833966851234436,
        0.3827815353870392,
        0.3839864730834961
    ],
    "accuracy": [
        0.378947377204895,
        0.378947377204895,
        0.378947377204895,
        0.378947377204895,
        0.378947377204895,
        0.378947377204895,
        0.378947377204895,
        0.378947377204895,
        0.378947377204895,
        0.378947377204895,
        0.378947377204895,
        0.378947377204895,
        0.378947377204895,
        0.378947377204895,
        0.378947377204895,
        0.378947377204895,
        0.378947377204895,
        0.378947377204895,
        0.378947377204895,
        0.378947377204895,
        0.378947377204895,
        0.378947377204895,
        0.378947377204895,
        0.378947377204895,
        0.378947377204895,
        0.378947377204895,
        0.378947377204895,
        0.378947377204895,
        0.378947377204895,
        0.378947377204895,
        0.378947377204895,
        0.378947377204895
    ],
    "val_loss": [
        0.5572270750999451,
        0.5135322213172913,
        0.4891662895679474,
        0.47801318764686584,
        0.4717477262020111,
        0.46373632550239563,
        0.4550143778324127,
        0.47043928503990173,
        0.4542834162712097,
        0.4595012366771698,
        0.4428362548351288,
        0.44443637132644653,
        0.43832501769065857,
        0.4381614327430725,
        0.4463365375995636,
        0.4404931962490082,
        0.44062426686286926,
        0.43024101853370667,
        0.4324278235435486,
        0.43894025683403015,
        0.4288710653781891,
        0.4323107600212097,
        0.4327567219734192,
        0.42950913310050964,
        0.42721042037010193,
        0.42926791310310364,
        0.42423251271247864,
        0.4462071657180786,
        0.4324549734592438,
        0.42684218287467957,
        0.43350645899772644,
        0.4313282370567322
    ],
    "val_accuracy": [
        0.4054054021835327,
        0.4054054021835327,
        0.4054054021835327,
        0.4054054021835327,
        0.4054054021835327,
        0.4054054021835327,
        0.4054054021835327,
        0.4054054021835327,
        0.4054054021835327,
        0.4054054021835327,
        0.4054054021835327,
        0.4054054021835327,
        0.4054054021835327,
        0.4054054021835327,
        0.4054054021835327,
        0.4054054021835327,
        0.4054054021835327,
        0.4054054021835327,
        0.4054054021835327,
        0.4054054021835327,
        0.4054054021835327,
        0.4054054021835327,
        0.4054054021835327,
        0.4054054021835327,
        0.4054054021835327,
        0.4054054021835327,
        0.4054054021835327,
        0.4054054021835327,
        0.4054054021835327,
        0.4054054021835327,
        0.4054054021835327,
        0.4054054021835327
    ]
}