{
    "loss": [
        0.6172342300415039,
        0.5358455181121826,
        0.5117254257202148,
        0.5065648555755615,
        0.4862859845161438,
        0.4724453389644623,
        0.47360584139823914,
        0.4685955345630646,
        0.45916372537612915,
        0.45949798822402954,
        0.455353319644928,
        0.45628538727760315,
        0.4481082260608673,
        0.44770732522010803,
        0.4442785680294037,
        0.44668424129486084,
        0.45085835456848145,
        0.4370090067386627,
        0.43652793765068054,
        0.4418316185474396,
        0.43757376074790955,
        0.4349839687347412,
        0.4197131097316742,
        0.4359968900680542,
        0.4351117014884949,
        0.4240199625492096,
        0.4210427701473236,
        0.43061456084251404,
        0.41900864243507385,
        0.4333643913269043,
        0.42200419306755066,
        0.4202796518802643,
        0.4194503128528595,
        0.4306547939777374,
        0.42134422063827515,
        0.4241589605808258,
        0.4249431788921356,
        0.41944101452827454,
        0.4101642370223999,
        0.41354164481163025,
        0.41505947709083557,
        0.4198962152004242,
        0.4186374843120575,
        0.4016842544078827,
        0.4167478084564209,
        0.41675716638565063,
        0.41847437620162964,
        0.40728574991226196
    ],
    "accuracy": [
        0.6330826878547668,
        0.7834586501121521,
        0.7864661812782288,
        0.7819548845291138,
        0.7759398221969604,
        0.800000011920929,
        0.7804511189460754,
        0.8015037775039673,
        0.800000011920929,
        0.795488715171814,
        0.7984962463378906,
        0.7984962463378906,
        0.8060150146484375,
        0.795488715171814,
        0.8075187802314758,
        0.8015037775039673,
        0.8090225458145142,
        0.8015037775039673,
        0.8135338425636292,
        0.8060150146484375,
        0.8135338425636292,
        0.8135338425636292,
        0.8270676732063293,
        0.8150376081466675,
        0.8030075430870056,
        0.8120300769805908,
        0.8165413737297058,
        0.8270676732063293,
        0.8180451393127441,
        0.8075187802314758,
        0.8270676732063293,
        0.8270676732063293,
        0.8330827355384827,
        0.8150376081466675,
        0.8240601420402527,
        0.8180451393127441,
        0.8270676732063293,
        0.825563907623291,
        0.8330827355384827,
        0.8330827355384827,
        0.8270676732063293,
        0.8360902070999146,
        0.8135338425636292,
        0.8285714387893677,
        0.8270676732063293,
        0.8195488452911377,
        0.8315789699554443,
        0.8375939726829529
    ],
    "val_loss": [
        0.517697811126709,
        0.491620808839798,
        0.4664171040058136,
        0.4576184153556824,
        0.44048044085502625,
        0.4361523687839508,
        0.4313003718852997,
        0.439867228269577,
        0.43350982666015625,
        0.4269159436225891,
        0.4241854250431061,
        0.42701366543769836,
        0.410338819026947,
        0.4252152442932129,
        0.41770032048225403,
        0.42001432180404663,
        0.41945022344589233,
        0.4158865511417389,
        0.41816189885139465,
        0.42106565833091736,
        0.42142432928085327,
        0.4234473407268524,
        0.4090166389942169,
        0.42547285556793213,
        0.41549184918403625,
        0.4178563952445984,
        0.41731661558151245,
        0.4181942343711853,
        0.43210506439208984,
        0.4150904715061188,
        0.41171780228614807,
        0.42601504921913147,
        0.4132649600505829,
        0.42208975553512573,
        0.42303329706192017,
        0.4116174280643463,
        0.42113205790519714,
        0.4119088351726532,
        0.41782936453819275,
        0.41335517168045044,
        0.41579732298851013,
        0.42736077308654785,
        0.40929701924324036,
        0.4167332947254181,
        0.4205763041973114,
        0.415958434343338,
        0.4147888123989105,
        0.41251200437545776
    ],
    "val_accuracy": [
        0.7882882952690125,
        0.7747747898101807,
        0.7837837934494019,
        0.7837837934494019,
        0.7972972989082336,
        0.8018018007278442,
        0.8018018007278442,
        0.8018018007278442,
        0.792792797088623,
        0.8018018007278442,
        0.8018018007278442,
        0.8063063025474548,
        0.8198198080062866,
        0.8063063025474548,
        0.8063063025474548,
        0.8108108043670654,
        0.8063063025474548,
        0.815315306186676,
        0.8108108043670654,
        0.8018018007278442,
        0.8108108043670654,
        0.8108108043670654,
        0.8108108043670654,
        0.8108108043670654,
        0.8108108043670654,
        0.8108108043670654,
        0.8108108043670654,
        0.8063063025474548,
        0.815315306186676,
        0.815315306186676,
        0.8108108043670654,
        0.8198198080062866,
        0.8198198080062866,
        0.8243243098258972,
        0.8243243098258972,
        0.8198198080062866,
        0.8198198080062866,
        0.815315306186676,
        0.8198198080062866,
        0.8198198080062866,
        0.8198198080062866,
        0.8288288116455078,
        0.8198198080062866,
        0.8243243098258972,
        0.8243243098258972,
        0.8198198080062866,
        0.8243243098258972,
        0.8243243098258972
    ]
}